SEQUENCE_NUMBER,REFERENCE_NUMBER,CAMEL_CALL_REFERENCE,SUBS_ROAM_CIRCLE,SUBS_HOME_CIRCLE,CALL_EVENT_TYPE,CALL_EVENT_DIRECTION,ICR_FLAG,CUST_TYPE,PARTIAL_REC_TYPE,CALL_CONFERENCE_FLAG,VIDEO_CALL_FLAG,CLIR_FLAG,ORIGINATING_ENTITY,FORWARDING_ENTITY,RECEIVING_FORWARDED_TO_ENTITY,DIALLED_DIGITS,RECEIVING_FORWARDED_TO_ENTITY_LRN,MSRN,CALL_INITIATION_TIME,START_TIMESTAMP,END_TIMESTAMP,PRIMARY_IMSI,SECONDARY_IMSI,IMEI,DURATION,RADIO_NETWORK_IDENTIFIER,FIRST_CELL_ID,LAST_CELL_ID,FIRST_CGI_IDEA_FORMAT,LAST_CGI_IDEA_FORMAT,NET_ELEMENT_ENTITY,SMS_CENTRE_ENTITY,IN_TRUNK,OUT_TRUNK,EVENT_COMPLETION_KEY,EVENT_DISCONNECT_REASON1,EVENT_DISCONNECT_REASON2,EVENT_DISCONNECT_REASON3,EVENT_DISCONNECT_REASON4,QUALITY_OF_SERVICE,FIL_BI_FLAG,FIL_VIG_FLAG,BASIC_SERVICE_CODE,FACILITY_USAGE,CUG_ILC,CUG_ACCESS,CUG_INFO,ADROU,SMS_LENGTH,DUMMY_10,DUMMY_11
11336130,3565533,,DL,DL,7,1,0,1,0,0,0,0,AX-iPaytm,,9899736556,,,,20220521234459,20220521234459,,404112266369697,,860377047000110,0,5,404118007402,,40411-52744-8007402,,9811035919,9810051288,,,2,,,,,,,,21,,,,,,,,
11336131,3565544,,DL,DL,7,1,0,2,0,0,0,0,VK-AxisBk,,9899063042,,,,20220521234459,20220521234459,,404112203086420,,354003109748720,0,5,404118840503,,40411-52713-8840503,,9811035919,9830000185,,,2,,,,,,,,21,,,,,,,,
11336132,3554744,7e9adb000e,DL,DL,2,1,0,1,0,0,0,10,9599067501,,9654510733,,,9899244869,20220521233715,20220521233715,20220521234459,404113705847270,,354912086711860,464,2,404110100616302,404110100644252,40411-1006-16302,40411-1006-44252,9811035919,,B04C10I,BHDB09O,1,,,1,0003,,,,12,,,,,,,,
11336134,3560715,28f570006e,DL,DL,1,2,0,1,0,0,0,0,9811347205,,8092054779,1208092054779,2726,,20220521234134,20220521234134,20220521234500,404112268817446,,352025113913910,206,2,404110100258792,404110100258792,40411-1002-58792,40411-1002-58792,9811035919,,BHDB07I,TRACO,1,,,0,0003,,,,11,,,,,,,,
11336138,3564941,28ff34006e,DL,DL,1,2,0,1,0,0,0,0,9811465175,,8368770875,1208368770875,3103,,20220521234438,20220521234438,20220521234501,404110206765533,,865185055107770,23,2,404113010414508,404113010414508,40411-30104-14508,40411-30104-14508,9811035919,,BHDR14I,TRACO,1,,,0,0003,,,,13,,,,,,,,
11336142,3565569,,DL,DL,7,1,0,1,0,0,0,0,VM-KOTAKB,,9953241107,,,,20220521234500,20220521234500,,404112269088201,,357192105353430,0,5,404118837062,,40411-52752-8837062,,9811035919,9820405577,,,2,,,,,,,,21,,,,,,,,
11336143,3563567,fbe555000b,DL,DL,2,1,0,1,0,0,0,0,7678168150,,7838173075,,,9582652310,20220521234359,20220521234359,20220521234458,404113703494967,,357623419900180,59,2,404110106841791,404110106818856,40411-1068-41791,40411-1068-18856,9811035919,,B40S01I,BHDB29O,1,,,1,0003,,,,11,,,,,,,,
11336144,3565577,,DL,DL,7,1,0,1,0,0,0,100,VM-KOTAKB,,9953241107,,,,20220521234501,20220521234501,,404112269088201,,357192105353430,0,5,404118837062,,40411-52752-8837062,,9811035919,9820405577,,,2,,,,,,,,21,,,,,,,,
11336145,3565427,,DL,DL,1,2,0,1,0,0,0,0,8929523507,,0124112,130124112,,,20220521234454,20220521234454,20220521234501,404113708266855,,911650404003190,7,2,404113008438156,404113008426572,40411-30084-38156,40411-30084-26572,9811035919,,BHDR16I,B43C06O,1,,,0,0003,,,,12,,,,,,,,
11336130,3565533,,DL,DL,7,1,0,1,0,0,0,0,AX-iPaytm,,9899736556,,,,20220521234459,20220521234459,,404112266369697,,860377047000110,0,5,404118007402,,40411-52744-8007402,,9811035919,9810051288,,,2,,,,,,,,21,,,,,,,,
11336131,3565544,,DL,DL,7,1,0,2,0,0,0,0,VK-AxisBk,,9899063042,,,,20220521234459,20220521234459,,404112203086420,,354003109748720,0,5,404118840503,,40411-52713-8840503,,9811035919,9830000185,,,2,,,,,,,,21,,,,,,,,
11336132,3554744,7e9adb000e,DL,DL,2,1,0,1,0,0,0,10,9599067501,,9654510733,,,9899244869,20220521233715,20220521233715,20220521234459,404113705847270,,354912086711860,464,2,404110100616302,404110100644252,40411-1006-16302,40411-1006-44252,9811035919,,B04C10I,BHDB09O,1,,,1,0003,,,,12,,,,,,,,
11336134,3560715,28f570006e,DL,DL,1,2,0,1,0,0,0,0,9811347205,,8092054779,1208092054779,2726,,20220521234134,20220521234134,20220521234500,404112268817446,,352025113913910,206,2,404110100258792,404110100258792,40411-1002-58792,40411-1002-58792,9811035919,,BHDB07I,TRACO,1,,,0,0003,,,,11,,,,,,,,
11336138,3564941,28ff34006e,DL,DL,1,2,0,1,0,0,0,0,9811465175,,8368770875,1208368770875,3103,,20220521234438,20220521234438,20220521234501,404110206765533,,865185055107770,23,2,404113010414508,404113010414508,40411-30104-14508,40411-30104-14508,9811035919,,BHDR14I,TRACO,1,,,0,0003,,,,13,,,,,,,,
11336142,3565569,,DL,DL,7,1,0,1,0,0,0,0,VM-KOTAKB,,9953241107,,,,20220521234500,20220521234500,,404112269088201,,357192105353430,0,5,404118837062,,40411-52752-8837062,,9811035919,9820405577,,,2,,,,,,,,21,,,,,,,,
11336143,3563567,fbe555000b,DL,DL,2,1,0,1,0,0,0,0,7678168150,,7838173075,,,9582652310,20220521234359,20220521234359,20220521234458,404113703494967,,357623419900180,59,2,404110106841791,404110106818856,40411-1068-41791,40411-1068-18856,9811035919,,B40S01I,BHDB29O,1,,,1,0003,,,,11,,,,,,,,
11336144,3565577,,DL,DL,7,1,0,1,0,0,0,100,VM-KOTAKB,,9953241107,,,,20220521234501,20220521234501,,404112269088201,,357192105353430,0,5,404118837062,,40411-52752-8837062,,9811035919,9820405577,,,2,,,,,,,,21,,,,,,,,
11336145,3565427,,DL,DL,1,2,0,1,0,0,0,0,8929523507,,0124112,130124112,,,20220521234454,20220521234454,20220521234501,404113708266855,,911650404003190,7,2,404113008438156,404113008426572,40411-30084-38156,40411-30084-26572,9811035919,,BHDR16I,B43C06O,1,,,0,0003,,,,12,,,,,,,,